name,last_name,email
Pamela,Barrientos,pamela.barrientos@gmail.com
Karim ,Hajjam,karim.hajjam@gmail.com
John,Geypen,john.geypen@gmail.com
Davina,D'Hollander,davina.d'hollander@gmail.com
Kelly ,De Groote ,kelly.degroote@gmail.com